{
  "number": 1,
  "player": {
    "x": 5.0024247,
    "y": 7.9564805
  },
  "goal": [
    {
      "x": 66.58782,
      "y": 2.302456
    },
    {
      "x": 90.52798,
      "y": 2.0174537
    }
  ],
  "enemiesLevel": {},
  "lilypads": [
    {
      "x": 10.125,
      "y": 8.700001
    },
    {
      "x": 44.315483,
      "y": 9.0
    },
    {
      "x": 28.947498,
      "y": 7.9110007
    }
  ],
  "lotuses": [],
  "lanterns": [],
  "walls": [
    [
      10.471469,
      25.796026,
      7.266968,
      24.24902,
      4.2834625,
      22.591522,
      1.6314576,
      21.044516,
      -0.357547,
      19.939514,
      -2.8990479,
      17.287512,
      -4.9985533,
      14.635508,
      -6.5455537,
      11.983505,
      -7.5400543,
      8.668499,
      -7.5400543,
      5.5744934,
      -6.877057,
      2.2594895,
      -5.772055,
      0.049485017,
      -3.5620513,
      -2.271019,
      -0.57854617,
      -3.7075188,
      3.1784606,
      -5.475521,
      7.266968,
      -6.359525,
      11.134473,
      -7.2435265,
      15.885979,
      -8.017027,
      22.073984,
      -8.790528,
      28.372494,
      -9.011529,
      34.781506,
      -8.569528,
      41.853508,
      -8.238028,
      47.82052,
      -7.7960243,
      53.456024,
      -6.470025,
      58.53904,
      -5.144021,
      61.52254,
      -4.59152,
      65.390045,
      -3.9285195,
      70.25205,
      -3.0445182,
      74.67206,
      -2.8235176,
      80.74957,
      -2.8235176,
      84.74836,
      -40.086365,
      -36.755512,
      -41.601376,
      -34.6345,
      52.17782,
      90.20241,
      54.29884,
      87.77838,
      11.878521,
      80.80933,
      10.818011,
      72.93128,
      11.575521,
      67.780235,
      11.575521,
      65.053215,
      12.484527,
      61.265686,
      14.908545,
      57.629677,
      17.787067,
      53.084637,
      19.908085,
      48.0851,
      22.1806,
      41.267548,
      23.392605,
      33.692497,
      24.301617,
      27.935455,
      25.21062,
      23.238916,
      26.27113,
      17.78488,
      26.422626,
      14.451854,
      26.422626
    ]
  ],
  "shores": [
    [
      0.317511,
      18.638992,
      2.9185104,
      19.939493,
      4.372007,
      20.85749,
      5.672507,
      21.698986,
      7.7380056,
      22.84649,
      9.497504,
      23.764486,
      11.486502,
      24.452988,
      13.705002,
      24.605988,
      16.612003,
      24.83549,
      20.130999,
      25.064987,
      23.420492,
      24.758987,
      27.62799,
      23.687984,
      32.829987,
      23.152487,
      36.425484,
      22.540487,
      39.638485,
      22.234488,
      43.31048,
      21.54599,
      47.045486,
      20.85749,
      50.640987,
      19.709988,
      53.70099,
      17.950495,
      56.684486,
      16.726496,
      60.050476,
      14.737495,
      62.49848,
      12.824994,
      64.94647,
      11.218497,
      68.77147,
      9.688498,
      71.06647,
      9.994498,
      70.37797,
      30.343481,
      -10.439966,
      31.524982,
      -11.119965,
      -16.15998,
      72.85997,
      -15.139979,
      70.224976,
      -2.2199912,
      68.35498,
      -2.3049903,
      64.95498,
      -2.98499,
      62.149975,
      -3.3249907,
      59.17498,
      -3.83499,
      56.284985,
      -4.514989,
      53.13999,
      -5.194989,
      49.399986,
      -5.8749876,
      44.63999,
      -6.4699874,
      39.965,
      -7.064987,
      35.034996,
      -7.319986,
      32.230003,
      -7.4049864,
      28.575006,
      -7.489989,
      24.66501,
      -7.319986,
      20.330011,
      -6.724988,
      14.295018,
      -6.2149887,
      10.045019,
      -5.449988,
      6.135022,
      -4.8549895,
      2.6500275,
      -3.6649895,
      -0.9199707,
      -1.7949913,
      -3.384967,
      -0.43499222,
      -5.084967,
      2.0300057,
      -6.2749662,
      6.195003,
      -5.254968,
      10.359999,
      -3.384967,
      14.269997
    ]
  ],
  "whirlpools": [],
  "map": [
    {
      "x": -539.70483,
      "y": 1318.8242
    },
    {
      "x": 2763.469,
      "y": -834.765
    }
  ],
  "rocks": []
}
Controllers: removed manager for application, 0 managers active
