{
  "number": 1,
  "player": {
    "x": -4.537486,
    "y": 16.284998
  },
  "goal": [
    {
      "x": 51.531227,
      "y": -12.508236
    },
    {
      "x": 75.21871,
      "y": -23.783482
    }
  ],
  "enemiesLevel": {},
  "lilypads": [
    {
      "x": -1.4039901,
      "y": 19.247744
    },
    {
      "x": 29.854492,
      "y": -1.2477448
    }
  ],
  "lotuses": [
    {
      "x": 14.511503,
      "y": 9.057251
    }
  ],
  "walls": [
    [
      -20.65823,
      33.328484,
      -15.362233,
      33.990486,
      -13.789983,
      -17.066233,
      -21.48573,
      -17.479984
    ],
    [
      -20.591728,
      33.131233,
      -20.679476,
      39.71248,
      59.874977,
      38.659477,
      60.664726,
      -14.165985,
      54.171227,
      -11.270235,
      53.644733,
      30.849737,
      -17.78373,
      31.463984
    ],
    [
      48.46748,
      -13.902735,
      53.469227,
      -18.553478,
      -21.644728,
      -19.86973,
      -21.381474,
      -13.814984
    ]
  ],
  "wpools": [],
  "map": [
    {
      "x": -719.5991,
      "y": 1317.8994
    },
    {
      "x": 2249.889,
      "y": -604.0794
    }
  ]
}
Controllers: removed manager for application, 0 managers active
