{
  "number": 1,
  "player": {
    "x": 5.0024247,
    "y": 7.9564805
  },
  "goal": [
    {
      "x": 66.58782,
      "y": 2.302456
    },
    {
      "x": 90.52798,
      "y": 2.0174537
    }
  ],
  "enemiesLevel": {},
  "lilypads": [
    {
      "x": 10.125,
      "y": 8.700001
    },
    {
      "x": 44.315483,
      "y": 9.0
    },
    {
      "x": 28.947498,
      "y": 7.9110007
    }
  ],
  "lotuses": [],
  "walls": [
    [
      65.59032,
      16.267546,
      64.735306,
      16.837551,
      64.022804,
      17.550053,
      63.167797,
      18.120058,
      61.600292,
      19.260067,
      60.74529,
      19.830067,
      60.032784,
      20.685072,
      59.177784,
      21.255077,
      58.180267,
      21.967587,
      57.325264,
      22.680088,
      56.327766,
      23.250092,
      55.18775,
      23.962595,
      53.620247,
      24.8176,
      52.62273,
      25.245106,
      51.34023,
      25.815105,
      50.34272,
      26.10011,
      49.060204,
      26.385113,
      47.77771,
      26.812616,
      46.3527,
      27.240116,
      45.07019,
      27.525122,
      43.502678,
      27.81012,
      42.36267,
      27.952625,
      41.08016,
      28.09512,
      39.227654,
      28.380127,
      37.660133,
      28.380127,
      36.520134,
      28.380127,
      34.52512,
      28.380127,
      33.10011,
      28.380127,
      31.960098,
      28.522623,
      30.820099,
      28.522623,
      29.395086,
      28.807629,
      28.255077,
      28.807629,
      26.68757,
      28.950125,
      25.120062,
      28.950125,
      22.555042,
      28.950125,
      20.702536,
      28.950125,
      18.280014,
      28.950125,
      16.42751,
      28.665125,
      14.574992,
      28.522623,
      13.577486,
      28.380127,
      12.579977,
      28.09512,
      10.86997,
      27.81012,
      9.872464,
      27.667618,
      8.019953,
      26.955114,
      7.0224457,
      26.527613,
      6.167437,
      25.957611,
      5.3124337,
      25.245106,
      4.4574304,
      24.675102,
      3.6024215,
      23.962595,
      2.604915,
      23.10759,
      1.6074127,
      22.537584,
      0.60990447,
      21.967587,
      -0.24510345,
      21.39758,
      -0.95760804,
      20.685072,
      -1.9551102,
      20.115072,
      -2.6676147,
      19.260067,
      -3.5226243,
      18.54756,
      -4.235129,
      17.835058,
      -4.9476333,
      16.837551,
      -5.517633,
      15.982547,
      -6.230138,
      14.70004,
      -6.8001432,
      13.702532,
      -7.2276444,
      12.705025,
      -7.7976503,
      11.565014,
      -8.082654,
      10.282507,
      -8.225153,
      8.8575,
      -8.367651,
      7.7174926,
      -8.367651,
      6.14998,
      -8.367651,
      4.867473,
      -8.225153,
      3.5849662,
      -7.940149,
      2.4449592,
      -7.512648,
      1.4474518,
      -7.085147,
      0.16494446,
      -6.6576447,
      -0.83256304,
      -5.660138,
      -1.8300705,
      -4.3776274,
      -3.112578,
      -3.2376206,
      -3.9675827,
      -2.2401137,
      -4.680087,
      -0.24510345,
      -5.677594,
      1.0374069,
      -6.1050963,
      2.7474182,
      -6.675102,
      4.172427,
      -7.2451034,
      6.167437,
      -7.9576097,
      7.5924463,
      -8.242612,
      8.732458,
      -8.385112,
      10.157466,
      -8.385112,
      11.724974,
      -8.385112,
      12.864981,
      -8.527611,
      14.004987,
      -8.955116,
      15.287497,
      -9.382619,
      16.42751,
      -9.525119,
      17.995016,
      -9.952621,
      19.135017,
      -10.095123,
      20.13253,
      -10.237623,
      21.700039,
      -10.522626,
      23.267544,
      -10.950129,
      24.835052,
      -11.37763,
      26.68757,
      -11.662633,
      28.255077,
      -11.947637,
      29.395086,
      -12.2326355,
      31.105097,
      -12.375139,
      32.387604,
      -12.375139,
      33.955116,
      -12.375139,
      35.950127,
      -12.517637,
      37.23264,
      -12.517637,
      38.800148,
      -12.660138,
      40.79516,
      -12.660138,
      42.647667,
      -12.660138,
      44.78518,
      -12.660138,
      46.067688,
      -12.660138,
      47.207703,
      -12.660138,
      48.347706,
      -12.660138,
      50.05772,
      -12.660138,
      51.34023,
      -12.660138,
      52.62273,
      -12.517637,
      53.762745,
      -12.517637,
      55.04525,
      -12.517637,
      56.042755,
      -12.375139,
      57.182762,
      -11.947637,
      58.180267,
      -11.662633,
      59.74778,
      -11.235132,
      60.74529,
      -10.80763,
      62.0278,
      -10.522626,
      63.167797,
      -10.237623,
      64.307816,
      -9.952621,
      65.30531,
      -9.667618,
      66.302826,
      -9.097616,
      67.442825,
      -8.527611,
      68.44034,
      -8.100108,
      69.43784,
      -7.9576097,
      70.29284,
      -7.2451034,
      71.29036,
      -7.102605,
      72.43036,
      -7.102605,
      73.42787,
      -7.3876038,
      74.42537,
      -7.9576097,
      93.662994,
      -8.955116,
      94.233,
      -39.16531,
      -34.017815,
      -37.597797,
      -30.02779,
      46.335236,
      85.96794,
      48.330254,
      85.82545,
      14.557536
    ],
    [
      65.44781,
      16.125042,
      66.017815,
      15.1275425,
      66.58782,
      14.2725315,
      67.15783,
      13.417526,
      67.87033,
      12.705025,
      68.725334,
      11.9925165,
      69.58034,
      11.422518,
      70.86285,
      10.852512,
      72.00286,
      10.282507,
      73.42787,
      9.997507,
      74.71037,
      9.712502,
      75.992874,
      9.570005,
      77.41789,
      9.570005,
      78.5579,
      9.570005,
      80.12541,
      9.570005,
      81.26542,
      9.570005,
      82.54792,
      9.570005,
      83.83043,
      9.570005,
      87.96296,
      18.120058
    ],
    [
      66.58782,
      -9.240115,
      66.73032,
      -8.100108,
      67.15783,
      -7.102605,
      68.01283,
      -6.1050963,
      68.867836,
      -5.392592,
      69.58034,
      -4.537587,
      70.29284,
      -3.8250823,
      71.14784,
      -2.6850753,
      72.00286,
      -2.1150703,
      89.38796,
      -2.9700775,
      90.242966,
      -15.367658
    ]
  ],
  "shores": [],
  "whirlpools": [],
  "map": [
    {
      "x": -539.70483,
      "y": 1318.8242
    },
    {
      "x": 2763.469,
      "y": -834.765
    }
  ],
  "rocks": []
}
Controllers: removed manager for application, 0 managers active
