{
  "number": 1,
  "player": {
    "x": -4.537486,
    "y": 16.284998
  },
  "goal": {
    "x": 0.0,
    "y": 0.0
  },
  "enemiesLevel": {},
  "lilypads": [
    {
      "x": -1.4039901,
      "y": 19.247744
    },
    {
      "x": 29.854492,
      "y": -1.2477448
    }
  ],
  "lotuses": [
    {
      "x": 14.511503,
      "y": 9.057251
    }
  ],
  "walls": [
    [
      -18.874977,
      33.954987,
      58.15998,
      33.489986,
      57.617474,
      -16.652487,
      -19.882475,
      -14.792486,
      -19.107475,
      28.14249,
      -13.44998,
      28.14249,
      -12.597481,
      -8.514992,
      50.64248,
      -9.90999,
      51.804974,
      28.064991,
      -19.02998,
      27.754993
    ]
  ],
  "wpools": [],
  "map": [
    {
      "x": -719.5991,
      "y": 1317.8994
    },
    {
      "x": 2249.889,
      "y": -604.0794
    }
  ]
}
Controllers: removed manager for application, 0 managers active
