{
  "number": 1,
  "player": {
    "x": -6.8074784,
    "y": 7.705002
  },
  "goal": [
    {
      "x": 79.15637,
      "y": 5.1219754
    },
    {
      "x": 101.593506,
      "y": 5.260478
    }
  ],
  "enemiesLevel": {},
  "lilypads": [
    {
      "x": -3.6099885,
      "y": 9.554998
    },
    {
      "x": 43.102486,
      "y": 8.9075
    }
  ],
  "lotuses": [
    {
      "x": 18.312496,
      "y": 22.41249
    }
  ],
  "walls": [
    [
      -17.340704,
      20.160069,
      -17.759207,
      16.951548,
      -19.851719,
      15.277539,
      -21.944233,
      14.301031,
      -25.01325,
      13.045525,
      -27.803268,
      12.208521,
      -31.151285,
      11.371516,
      -35.19681,
      10.953013,
      -40.21884,
      10.395009,
      -40.776844,
      4.6754727,
      -40.21884,
      -0.20705643,
      -29.477274,
      -0.06755676,
      -25.710754,
      -0.06755676,
      -22.362732,
      -1.741565,
      -19.851719,
      -4.5315843,
      -17.759207,
      -8.019104,
      -13.574179,
      -10.111618,
      -7.715144,
      -12.4831295,
      0.51540834,
      -14.715144,
      7.0719438,
      -15.69165,
      15.441996,
      -16.110153,
      23.25404,
      -16.110153,
      32.042595,
      -17.365658,
      40.552147,
      -16.947159,
      47.8062,
      -16.528656,
      55.618244,
      -15.412648,
      62.732788,
      -12.064629,
      67.05731,
      -8.856108,
      72.21885,
      -4.5315843,
      76.12486,
      -1.6020653,
      81.2864,
      0.90895003,
      88.40094,
      1.3274529,
      90.35396,
      -35.22177,
      -54.029427,
      -35.36127,
      -49.1469,
      56.430286,
      88.54044,
      55.872284,
      89.37744,
      10.674008,
      82.5419,
      10.953013,
      77.65937,
      11.232014,
      75.008865,
      14.859036,
      71.38183,
      17.09105,
      66.63881,
      21.415573,
      59.94277,
      26.437603,
      54.92074,
      30.06463,
      48.364193,
      32.57564,
      40.133648,
      34.389153,
      32.8796,
      35.505165,
      25.207054,
      34.94716,
      20.045527,
      34.389153,
      12.093977,
      34.389153,
      5.955938,
      32.436146,
      1.212912,
      30.622631,
      -4.785628,
      29.367126,
      -11.063166,
      26.437603,
      -15.38769,
      23.229084
    ]
  ],
  "shores": [],
  "whirlpools": [],
  "map": [
    {
      "x": 3370.0518,
      "y": -1144.3676
    },
    {
      "x": -1395.532,
      "y": 1948.528
    }
  ],
  "rocks": []
}
Controllers: removed manager for application, 0 managers active
