{
  "number": 1,
  "player": {
    "x": -6.8074784,
    "y": 7.705002
  },
  "goal": [
    {
      "x": 79.24027,
      "y": 3.6449761
    },
    {
      "x": 95.05034,
      "y": 4.1549797
    }
  ],
  "enemiesLevel": {},
  "lilypads": [
    {
      "x": -3.6099885,
      "y": 9.554998
    },
    {
      "x": 43.102486,
      "y": 8.9075
    }
  ],
  "lotuses": [],
  "lanterns": [
    {
      "x": 18.312496,
      "y": 22.41249
    }
  ],
  "walls": [
    [
      -45.24217,
      0.031972505,
      -38.28015,
      -0.44002762,
      -32.49813,
      -0.44002762,
      -26.71612,
      -0.91203004,
      -20.580103,
      -1.2660309,
      -17.15809,
      -1.9740326,
      -10.432074,
      -3.5080369,
      -4.1780534,
      -4.6880403,
      2.0759628,
      -5.9860444,
      9.273981,
      -6.340045,
      18.242008,
      -6.694046,
      26.502033,
      -6.930046,
      36.768055,
      -6.930046,
      47.624092,
      -5.9860444,
      56.592113,
      -5.6320434,
      61.78413,
      -4.9240417,
      70.634155,
      -3.0360367,
      79.48418,
      -0.79402846,
      89.8682,
      0.6219742,
      92.24641,
      -38.838253,
      -56.226387,
      -38.03425,
      -51.26836,
      55.766247,
      92.38041,
      52.14823,
      89.96839,
      10.74201,
      82.19636,
      11.144011,
      77.104324,
      11.814013,
      73.35231,
      13.154019,
      70.13629,
      15.030032,
      65.84826,
      17.308046,
      60.622242,
      20.390064,
      52.046196,
      23.740078,
      45.21216,
      28.162104,
      37.84212,
      30.842113,
      28.194065,
      32.18212,
      16.804005,
      33.38813,
      7.6919565,
      31.646118,
      -2.3580964,
      28.430103,
      -7.316124,
      25.88409,
      -12.40815,
      21.730066,
      -17.098177,
      18.11205,
      -20.582191,
      15.834036,
      -24.870216,
      14.896029,
      -30.90025,
      14.896029,
      -38.270287,
      13.020022,
      -42.960316,
      12.88602
    ]
  ],
  "shores": [],
  "whirlpools": [],
  "map": [
    {
      "x": 3370.0518,
      "y": -1144.3676
    },
    {
      "x": -1395.532,
      "y": 1948.528
    }
  ],
  "rocks": []
}
Controllers: removed manager for application, 0 managers active
