{
  "number": 1,
  "player": {
    "x": -6.8074784,
    "y": 7.705002
  },
  "goal": [
    {
      "x": 72.547745,
      "y": 7.684993
    },
    {
      "x": 102.66139,
      "y": 7.2904906
    }
  ],
  "enemiesLevel": {},
  "lilypads": [
    {
      "x": -3.6099885,
      "y": 9.554998
    },
    {
      "x": 43.102486,
      "y": 8.9075
    }
  ],
  "lotuses": [
    {
      "x": 18.312496,
      "y": 22.41249
    }
  ],
  "walls": [
    [
      -17.340704,
      20.160069,
      -17.759207,
      16.951548,
      -19.851719,
      15.277539,
      -21.944233,
      14.301031,
      -25.01325,
      13.045525,
      -27.803268,
      12.208521,
      -31.151285,
      11.371516,
      -35.19681,
      10.953013,
      -40.21884,
      10.395009,
      -40.776844,
      4.6754727,
      -40.21884,
      -0.20705643,
      -29.477274,
      -0.06755676,
      -25.710754,
      -0.06755676,
      -22.362732,
      -1.741565,
      -19.851719,
      -4.5315843,
      -17.759207,
      -8.019104,
      -13.574179,
      -10.111618,
      -7.715144,
      -12.4831295,
      0.51540834,
      -14.715144,
      7.0719438,
      -15.69165,
      15.441996,
      -16.110153,
      23.25404,
      -16.110153,
      32.042595,
      -17.365658,
      40.552147,
      -16.947159,
      47.8062,
      -16.528656,
      55.618244,
      -15.412648,
      62.732788,
      -12.064629,
      67.05731,
      -8.856108,
      72.21885,
      -4.5315843,
      76.12486,
      -1.6020653,
      81.2864,
      0.90895003,
      88.40094,
      1.3274529,
      90.35396,
      -35.22177,
      -54.029427,
      -35.36127,
      -49.1469,
      56.430286,
      88.54044,
      55.872284,
      89.37744,
      10.674008,
      82.5419,
      10.953013,
      77.65937,
      11.232014,
      75.008865,
      14.859036,
      71.38183,
      17.09105,
      66.63881,
      21.415573,
      59.94277,
      26.437603,
      54.92074,
      30.06463,
      48.364193,
      32.57564,
      40.133648,
      34.389153,
      32.8796,
      35.505165,
      25.207054,
      34.94716,
      20.045527,
      34.389153,
      12.093977,
      34.389153,
      5.955938,
      32.436146,
      1.212912,
      30.622631,
      -4.785628,
      29.367126,
      -11.063166,
      26.437603,
      -15.38769,
      23.229084
    ]
  ],
  "shores": [
    [
      -36.756176,
      8.757998,
      -31.67416,
      8.757998,
      -26.955143,
      9.0,
      -22.357128,
      11.662008,
      -18.485117,
      13.961016,
      -15.460104,
      17.59103,
      -13.161097,
      21.584045,
      -8.079082,
      24.246052,
      -0.9400574,
      27.634064,
      6.682968,
      29.69107,
      14.063995,
      32.23208,
      21.566017,
      32.474083,
      29.310047,
      33.07908,
      37.538074,
      33.07908,
      45.161095,
      31.02207,
      53.752125,
      27.513062,
      59.439148,
      23.641048,
      64.27916,
      19.648037,
      69.361176,
      15.655024,
      74.08019,
      11.541006,
      79.64621,
      9.484003,
      85.21223,
      10.089003,
      79.28322,
      31.990078,
      42.74109,
      39.613102,
      -0.45605317,
      39.855106,
      -35.78817,
      34.168083
    ],
    [
      -36.151173,
      0.7719711,
      -29.49615,
      1.2559745,
      -24.535135,
      1.1349723,
      -21.389126,
      -0.92203367,
      -18.122116,
      -4.310046,
      -15.218103,
      -6.8510528,
      -10.98309,
      -9.513063,
      -4.8120713,
      -10.723068,
      0.5119492,
      -12.296071,
      5.835964,
      -12.901075,
      12.732988,
      -13.022075,
      19.87201,
      -13.143074,
      27.737036,
      -13.990079,
      35.239067,
      -14.5950775,
      42.62009,
      -14.111078,
      50.72711,
      -12.901075,
      57.382133,
      -11.449069,
      63.06916,
      -8.061056,
      68.15117,
      -2.7370408,
      74.8062,
      1.497976,
      80.49322,
      2.344977,
      84.60722,
      2.82898,
      86.18024,
      -26.211117,
      -34.94117,
      -27.905125
    ]
  ],
  "whirlpools": [],
  "map": [
    {
      "x": 3370.0518,
      "y": -1144.3676
    },
    {
      "x": -1395.532,
      "y": 1948.528
    }
  ],
  "rocks": []
}
Controllers: removed manager for application, 0 managers active
