{
  "number": 1,
  "player": {
    "x": -39.104206,
    "y": 5.309988
  },
  "goal": [
    {
      "x": 79.24027,
      "y": 3.6449761
    },
    {
      "x": 95.05034,
      "y": 4.1549797
    }
  ],
  "enemiesLevel": {},
  "lilypads": [
    {
      "x": -3.6099885,
      "y": 9.554998
    },
    {
      "x": 43.102486,
      "y": 8.9075
    }
  ],
  "lotuses": [],
  "lanterns": [
    {
      "x": 18.312496,
      "y": 22.41249
    }
  ],
  "walls": [
    [
      -45.24217,
      0.031972505,
      -38.28015,
      -0.44002762,
      -32.49813,
      -0.44002762,
      -26.71612,
      -0.91203004,
      -20.580103,
      -1.2660309,
      -17.15809,
      -1.9740326,
      -10.432074,
      -3.5080369,
      -4.1780534,
      -4.6880403,
      2.0759628,
      -5.9860444,
      9.273981,
      -6.340045,
      18.242008,
      -6.694046,
      26.502033,
      -6.930046,
      36.768055,
      -6.930046,
      47.624092,
      -5.9860444,
      56.592113,
      -5.6320434,
      61.78413,
      -4.9240417,
      70.634155,
      -3.0360367,
      79.48418,
      -0.79402846,
      89.8682,
      0.6219742,
      92.24641,
      -38.838253,
      -56.226387,
      -38.03425,
      -51.26836,
      55.766247,
      92.38041,
      52.14823,
      89.96839,
      10.74201,
      82.19636,
      11.144011,
      77.104324,
      11.814013,
      73.35231,
      13.154019,
      70.13629,
      15.030032,
      65.84826,
      17.308046,
      60.622242,
      20.390064,
      52.046196,
      23.740078,
      45.21216,
      28.162104,
      37.84212,
      30.842113,
      28.194065,
      32.18212,
      16.804005,
      33.38813,
      7.6919565,
      31.646118,
      -2.3580964,
      28.430103,
      -7.316124,
      25.88409,
      -12.40815,
      21.730066,
      -17.098177,
      18.11205,
      -20.582191,
      15.834036,
      -24.870216,
      14.896029,
      -30.90025,
      14.896029,
      -38.270287,
      13.020022,
      -42.960316,
      12.88602
    ]
  ],
  "shores": [    [
      -36.93799,
      11.652,
      -33.163982,
      12.467998,
      -30.613983,
      13.181999,
      -27.75799,
      12.978,
      -24.493986,
      12.978,
      -21.739988,
      13.283999,
      -18.37399,
      15.119998,
      -15.313991,
      16.853998,
      -11.94799,
      19.811998,
      -9.29599,
      22.157999,
      -6.235991,
      24.095999,
      -1.9519913,
      26.339996,
      2.2300065,
      27.971996,
      7.840004,
      29.399998,
      12.532001,
      30.623997,
      17.632,
      31.235996,
      24.363995,
      30.419998,
      30.076,
      30.011997,
      35.788,
      29.297995,
      39.867996,
      28.175999,
      44.049995,
      26.237995,
      48.435993,
      24.095999,
      51.18999,
      22.157999,
      55.16799,
      20.321997,
      59.349987,
      18.588001,
      64.24599,
      16.038,
      69.14198,
      13.181999,
      74.139984,
      10.835999,
      78.42398,
      9.917999,
      90.04627,
      8.754,
      86.23326,
      41.10312,
      -41.318214,
      37.167107
    ],
    [
      -36.5212,
      1.3739738,
      -32.093178,
      0.881971,
      -28.526169,
      0.881971,
      -24.836155,
      0.7589714,
      -21.023136,
      0.26696777,
      -17.333124,
      -0.34803468,
      -13.520111,
      -0.84003526,
      -9.461096,
      -1.8240387,
      -4.9100785,
      -2.808042,
      -0.11305847,
      -3.5460465,
      4.80696,
      -4.1610465,
      9.972975,
      -4.1610465,
      16.861,
      -4.53005,
      22.027025,
      -5.0220513,
      28.79205,
      -4.4070487,
      37.156075,
      -4.038047,
      44.90511,
      -4.1610465,
      52.039135,
      -3.0540435,
      62.371166,
      -2.0700402,
      71.10421,
      -0.34803468,
      84.01926,
      1.3739738,
      86.97126,
      1.8659744,
      86.725266,
      -23.59512,
      -44.63923,
      -25.56313
    ]],
  "whirlpools": [],
  "map": [
    {
      "x": 3370.0518,
      "y": -1144.3676
    },
    {
      "x": -1395.532,
      "y": 1948.528
    }
  ],
  "rocks": []
}
Controllers: removed manager for application, 0 managers active
